strata,time,n.risk,n.event,surv,std.err,lower,upper,concentration
Treatment=Control,14.91,253,2,0.710209668,0.023839447,0.664989046,0.758505386,0
Treatment=Dose1,12.88,212,1,0.716762952,0.026168215,0.667266207,0.769931286,2.8
Treatment=Dose2,14.13,213,1,0.602725847,0.025976011,0.553904775,0.655849999,10.9
Treatment=Dose3,14.91,195,1,0.547494128,0.026404057,0.498113692,0.601769887,36.8
Treatment=Dose4,14.91,215,1,0.727677193,0.025816033,0.678797789,0.780076345,98.4
Treatment=Dose5,13.12,213,1,0.607380676,0.025867277,0.558740035,0.660255687,182.8
